k,Relative error overall,Relative error for excitement
5,0.107713945,0.15415674
10,0.08887195,0.13980491
15,0.09770547,0.13656361
17,0.096930094,0.13407572
