k,Relative error overall,Relative error for excitement
5,0.090451255,0.12980504
10,0.10383905,0.14881879
15,0.09721489,0.13266686
17,0.10064662,0.14294592
