k,Relative error overall,Relative error for excitement
5,0.09332527,0.14554614
10,0.08673008,0.13909258
15,0.09629515,0.13487796
17,0.10751477,0.1604121
